Title,Date
"Cold Case: The Tylenol Murders: The Bitter Pill","6/3/25"
"Cold Case: The Tylenol Murders: Pain Killer","6/3/25"
"I Still Believe","6/1/25"
"Adolescence: Limited Series: Episode 4","6/1/25"
"Adolescence: Limited Series: Episode 3","5/31/25"
"Adolescence: Limited Series: Episode 2","5/31/25"
"Adolescence: Limited Series: Episode 1","5/31/25"
"Fear Street: Prom Queen","5/31/25"
"Sirens: Limited Series: Exile","5/31/25"
"Sam & Cat: #Pilot","5/31/25"
"The Apothecary Diaries: Balsam and Woodsorrel","5/30/25"
"Ginny & Georgia: Season 1: Pilot","5/29/25"
"To All The Boys: Always And Forever","5/29/25"
"Miranda Sings Live…Your Welcome","5/29/25"
"Home","5/28/25"
"Haters Back Off: Season 2: broadway or buts","5/28/25"
"Haters Back Off: Season 2: my theem park","5/28/25"
"Haters Back Off: Season 2: makeen the news","5/28/25"
"Haters Back Off: Season 2: my 1rst bae","5/28/25"
"Haters Back Off: Season 2: Modelling at the Hospital","5/28/25"
"Haters Back Off: Season 2: Exposing My Impostr","5/28/25"
"Haters Back Off: Season 2: Getting Condomsated 4 My Ad","5/26/25"
"Haters Back Off: Season 2: im gunnna be an legend","5/26/25"
"Anyone But You","5/26/25"
"Haters Back Off: Season 1: i'm famous","5/25/25"
"Haters Back Off: Season 1: Starr off the Parade","5/25/25"
"Haters Back Off: Season 1: Becuming a Magichin","5/25/25"
"Haters Back Off: Season 1: Staring in a Musicall","5/24/25"
"Haters Back Off: Season 1: Rod Trip With My Uncle","5/24/25"
"Haters Back Off: Season 1: Netwerking at the Nursing Home","5/24/25"
"Haters Back Off: Season 1: Preeching 2 the Chior","5/24/25"
"Haters Back Off: Season 1: Uploding my Fist Video","5/24/25"
"Bet: Game On","5/24/25"
"The Apothecary Diaries: Blue Roses","5/24/25"
"The Apothecary Diaries: How to Buy Out a Contract","5/22/25"
"The Apothecary Diaries: Thornapple","5/22/25"
"The Apothecary Diaries: Chance or Something More","5/22/25"
"The Apothecary Diaries: Lakan","5/22/25"
"The Apothecary Diaries: A Jaunt Around Town","5/22/25"
"The Apothecary Diaries: Lead","5/22/25"
"The Apothecary Diaries: Raw Fish","5/21/25"
"The Apothecary Diaries: The New Pure Concubine","5/21/25"
"The Apothecary Diaries: Serving in the Outer Court","5/21/25"
"The Apothecary Diaries: The Eunuch and the Courtesan","5/21/25"
"The Apothecary Diaries: Reducing Two to One","5/21/25"
"The Apothecary Diaries: Honey","5/21/25"
"The Apothecary Diaries: Suicide or Murder?","5/21/25"
"The Apothecary Diaries: Wheat Stalks","5/21/25"
"The Apothecary Diaries: Homecoming","5/21/25"
"The Apothecary Diaries: The Garden Party","5/21/25"
"The Apothecary Diaries: Covert Operations","5/21/25"
"The Apothecary Diaries: The Threat","5/20/25"
"The Apothecary Diaries: The Unsettling Matter of the Spirit","5/20/25"
"The Apothecary Diaries: Chilly Apothecary","5/20/25"
"The Apothecary Diaries: Maomao","5/20/25"
"Beetlejuice Beetlejuice","5/20/25"
"The Croods","5/19/25"
"The Residence: The Mystery of the Yellow Room","5/19/25"
"The Residence: The Adventure of the Engineer's Thumb","5/19/25"
"The Residence: The Third Man","5/18/25"
"The Residence: The Trouble with Harry","5/18/25"
"The Residence: The Last of Sheila","5/18/25"
"The Residence: Knives Out","5/18/25"
"The Residence: Dial M for Murder","5/18/25"
"The Residence: The Fall of the House of Usher","5/18/25"
"Shameless (U.S.): Season 1: Pilot","5/17/25"
"Never Have I Ever: Season 4: ...gone to prom","5/17/25"
"Never Have I Ever: Season 4: ...set my mom up","5/17/25"
"Never Have I Ever: Season 4: ...had an identity crisis","5/17/25"
"Never Have I Ever: Season 4: ...had my dream stolen","5/17/25"
"The Twilight Saga: Breaking Dawn: Part 2","5/17/25"
"Love Hard","5/17/25"
"Nonnas","5/16/25"
"The Twilight Saga: Breaking Dawn: Part 1","5/11/25"
"The Twilight Saga: Eclipse","5/8/25"
"The Twilight Saga: New Moon","5/8/25"
"Haikyu!!: Haikyu!! II: The Destroyer","5/7/25"
"Haikyu!!: Haikyu!! II: Wiping Out","5/7/25"
"Trolls Band Together","5/4/25"
"Komi Can't Communicate: It's just Obon. Plus more.","5/2/25"
"Komi Can't Communicate: It's just the pool. Plus more.","5/2/25"
"Komi Can't Communicate: It's just, I wish I could speak.","5/2/25"
"Haikyu!!: Haikyu!! II: The Iron Wall Can Be Rebuilt Again and Again","4/30/25"
"Friendly Rivalry: Episode 14","4/30/25"
"Friendly Rivalry: Episode 13","4/30/25"
"Friendly Rivalry: Episode 12","4/30/25"
"Friendly Rivalry: Episode 11","4/30/25"
"Haikyu!!: Haikyu!! II: The Losers","4/29/25"
"Haikyu!!: Haikyu!! II: The Battle Without Will Power","4/29/25"
"Haikyu!!: Haikyu!! II: Next","4/29/25"
"Devil May Cry: A River of Blood and Fire","4/29/25"
"Devil May Cry: At the Gates of Paradise","4/29/25"
"Devil May Cry: The First Circle","4/29/25"
"Devil May Cry: Descent","4/29/25"
"Devil May Cry: All Hope Abandon","4/29/25"
"Devil May Cry: The Deep and Savage Way","4/29/25"
"Devil May Cry: Our Lady of Sorrows","4/28/25"
"Devil May Cry: Inferno","4/28/25"
"The Apothecary Diaries: Jinshi and Maomao","4/28/25"
"Friendly Rivalry: Episode 10","4/21/25"
"Friendly Rivalry: Episode 9","4/21/25"
"To All the Boys I’ve Loved Before","4/16/25"
"Haikyu!!: Haikyu!! II: Place to Play","4/12/25"
"Haikyu!!: Haikyu!! II: Still Growing","4/12/25"
"Haikyu!!: Haikyu!! II: A Simple and Pure Strength","4/12/25"
"Haikyu!!: Haikyu!! II: Let the Games Begin!","4/12/25"
"Haikyu!!: Haikyu!! II: Above","4/11/25"
"Haikyu!!: Haikyu!! II: Gear","4/11/25"
"Haikyu!!: Haikyu!! II: VS. Umbrella","4/11/25"
"Haikyu!!: Haikyu!! II: Illusionary Hero","4/11/25"
"Friendly Rivalry: Episode 8","4/9/25"
"Friendly Rivalry: Episode 3","4/9/25"
"Bridgerton: Season 1: Swish","4/9/25"
"Bridgerton: Season 1: The Duke and I","4/9/25"
"Friendly Rivalry: Episode 7","4/8/25"
"Friendly Rivalry: Episode 6","4/7/25"
"Friendly Rivalry: Episode 5","4/7/25"
"Friendly Rivalry: Episode 4","4/7/25"
"Friendly Rivalry: Episode 2","4/7/25"
"Friendly Rivalry: Episode 1","4/7/25"
"Haikyu!!: Haikyu!! II: Moonrise","4/6/25"
"Haikyu!!: Haikyu!! II: Tempo","4/6/25"
"Kung Fu Panda 4","4/6/25"
"Haikyu!!: Haikyu!! II: Greed","4/5/25"
"Haikyu!!: Haikyu!! II: Center Ace","4/5/25"
"Haikyu!!: Haikyu!! II: Villagers B","4/5/25"
"Haikyu!!: Haikyu!! II: Direct Sunlight","4/5/25"
"Haikyu!!: Haikyu!! II: Let's Go to Tokyo!!","4/5/25"
"Haikyu!!: Haikyu!! TO THE TOP: The Promised Land","4/5/25"
"Haikyu!!: Haikyu!! TO THE TOP: Monsters' Ball","4/2/25"
"Haikyu!!: Haikyu!! TO THE TOP: The Birth of the Serene King","4/2/25"
"Haikyu!!: Haikyu!! TO THE TOP: Pitons","4/2/25"
"Haikyu!!: Haikyu!! TO THE TOP: Hero","4/2/25"
"Haikyu!!: Haikyu!! TO THE TOP: Leader","4/2/25"
"Haikyu!!: Haikyu!! TO THE TOP: The Ultimate Challengers","4/2/25"
"Haikyu!!: Haikyu!! TO THE TOP: Trap","4/2/25"
"Haikyu!!: Haikyu!! TO THE TOP: Cats vs. Monkeys","4/2/25"
"Haikyu!!: Haikyu!! TO THE TOP: Broken Heart","4/2/25"
"Haikyu!!: Haikyu!! TO THE TOP: Found","4/2/25"
"Haikyu!!: Haikyu!! TO THE TOP: Rhythm","4/2/25"
"Haikyu!!: Haikyu!! TO THE TOP: The Second Day","4/2/25"
"Haikyu!!: Haikyu!! TO THE TOP: Vivid","4/2/25"
"Haikyu!!: Haikyu!! TO THE TOP: A Chance to Connect","4/2/25"
"Haikyu!!: Haikyu!! TO THE TOP: Battle Lines","4/2/25"
"Haikyu!!: Haikyu!! TO THE TOP: Everyone's Night","4/2/25"
"Haikyu!!: Haikyu!! TO THE TOP: Challenger","4/1/25"
"Haikyu!!: Haikyu!! TO THE TOP: Return","4/1/25"
"Haikyu!!: Haikyu!! TO THE TOP: Enhancements","4/1/25"
"Haikyu!!: Haikyu!! TO THE TOP: Hunger","4/1/25"
"Haikyu!!: Haikyu!! TO THE TOP: Take It Easy","4/1/25"
"Haikyu!!: Haikyu!! TO THE TOP: Perspective","4/1/25"
"Haikyu!!: Haikyu!! TO THE TOP: Lost","4/1/25"
"Haikyu!!: Haikyu!! TO THE TOP: Introductions","4/1/25"
"Haikyu!!: Haikyu!! Karasuno High School vs Shiratorizawa Academy: The Battle of Concepts","4/1/25"
"Haikyu!!: Haikyu!! Karasuno High School vs Shiratorizawa Academy: The Volleyball Idiots","4/1/25"
"Haikyu!!: Haikyu!! Karasuno High School vs Shiratorizawa Academy: An Annoying Guy","3/31/25"
"Haikyu!!: Haikyu!! Karasuno High School vs Shiratorizawa Academy: Obsession","3/31/25"
"Haikyu!!: Haikyu!! Karasuno High School vs Shiratorizawa Academy: The Chemical Change of Encounters","3/31/25"
"Haikyu!!: Haikyu!! Karasuno High School vs Shiratorizawa Academy: Greetings","3/31/25"
"Haikyu!!: Haikyu!! Karasuno High School vs Shiratorizawa Academy: Individual VS Numbers","3/31/25"
"Haikyu!!: Haikyu!! Karasuno High School vs Shiratorizawa Academy: The Halo Around the Moon","3/31/25"
"Haikyu!!: Haikyu!! Karasuno High School vs Shiratorizawa Academy: GUESS・MONSTER","3/31/25"
"Haikyu!!: Haikyu!! Karasuno High School vs Shiratorizawa Academy: The Threat of Left","3/31/25"
"Haikyu!!: Haikyu!! II: Declaration of War","3/31/25"
"Haikyu!!: Haikyu!! II: The Absolute Limit Switch","3/31/25"
"Haikyu!!: Haikyu!! II: Team","3/31/25"
"Haikyu!!: Haikyu!! II: The Former Coward's Fight","3/31/25"
"Hunger","3/30/25"
"Ever After High: Epic Winter: Crystal Rose","3/23/25"
"Ever After High: Epic Winter: Ice Castle Quest","3/23/25"
"Ever After High: Epic Winter: A Wicked Winter","3/23/25"
"Ever After High: Epic Winter: Snow Day","3/23/25"
"SAKAMOTO DAYS: Casino Battle","3/23/25"
"SAKAMOTO DAYS: Bathhouse Roughhouse","3/23/25"
"Haikyu!!: The Third Day","3/14/25"
"Haikyu!!: Removing the Solitary King","3/14/25"
"Haikyu!!: The Point That Changes the Momentum","3/14/25"
"Haikyu!!: Evolution","3/14/25"
"Haikyu!!: Senpai's True Abilities","3/14/25"
"Haikyu!!: Oikawa Toru is not a Genius","3/14/25"
"Haikyu!!: Coaches","3/14/25"
"SAKAMOTO DAYS: All Aboard","3/14/25"
"Haikyu!!: Guarding Your Back","3/14/25"
"Haikyu!!: The Iron Wall","3/14/25"
"Haikyu!!: Winners and Losers","3/13/25"
"Haikyu!!: Revival","3/13/25"
"Haikyu!!: Formidable Opponents","3/13/25"
"Haikyu!!: Rival","3/11/25"
"Haikyu!!: Reunion of cat and crow","3/11/25"
"Haikyu!!: Decision","3/11/25"
"Haikyu!!: Yearning","3/11/25"
"Haikyu!!: A Toss to the Ace","3/11/25"
"Haikyu!!: He Who Is Called Ace","3/11/25"
"Haikyu!!: Versus the Great King","3/10/25"
"Haikyu!!: An Interesting Team","3/10/25"
"Haikyu!!: A Coward's Anxiety","3/10/25"
"Haikyu!!: The View from the Summit","3/9/25"
"Haikyu!!: The Formidable Ally","3/9/25"
"Haikyu!!: Karasuno High School Volleyball Club","3/9/25"
"Haikyu!!: The End & the Beginning","3/9/25"
"The Kissing Booth 3","3/9/25"
"Demon Slayer: Kimetsu no Yaiba: Hashira Training Arc: The Hashira Unite","3/9/25"
"Demon Slayer: Kimetsu no Yaiba: Hashira Training Arc: Stone Hashira Gyomei Himejima","3/8/25"
"Demon Slayer: Kimetsu no Yaiba: Hashira Training Arc: The Strongest of the Demon Slayer Corps","3/8/25"
"Demon Slayer: Kimetsu no Yaiba: Hashira Training Arc: I Even Ate Demons","3/8/25"
"Demon Slayer: Kimetsu no Yaiba: Hashira Training Arc: To Bring a Smile to One's Face","3/8/25"
"Demon Slayer: Kimetsu no Yaiba: Hashira Training Arc: Fully Recovered Tanjiro Joins the Hashira Training!!","3/8/25"
"Demon Slayer: Kimetsu no Yaiba: Hashira Training Arc: Water Hashira Giyu Tomioka's Pain","3/8/25"
"Demon Slayer: Kimetsu no Yaiba: Hashira Training Arc: To Defeat Muzan Kibutsuji","3/8/25"
"Demon Slayer: Kimetsu no Yaiba: Tanjiro Kamado, Unwavering Resolve Arc: Cruelty","3/8/25"
"SAKAMOTO DAYS: Sakamoto's vs. the Lab","3/8/25"
"SAKAMOTO DAYS: Jurassic Bastard","3/8/25"
"SAKAMOTO DAYS: Heisuke Mashimo","3/8/25"
"SAKAMOTO DAYS: Source of Strength","3/8/25"
"SAKAMOTO DAYS: Hard-Boiled","3/8/25"
"SAKAMOTO DAYS: Welcome to Sugar Park","3/8/25"
"SAKAMOTO DAYS: Vs. Son Hee and Bacho","3/8/25"
"SAKAMOTO DAYS: The Legendary Hit Man","3/8/25"
"Jujutsu Kaisen 0: The Movie","3/8/25"
"Frieren: Beyond Journey's End: The Journey's End","3/7/25"
"To All the Boys: P.S. I Still Love You","3/6/25"
"The Kissing Booth 2","3/4/25"
"XO, Kitty: Season 2: Sealed with a Kiss","3/2/25"
"XO, Kitty: Season 2: Kiss of Death","3/2/25"
"XO, Kitty: Season 2: Kiss and Make Up","3/2/25"
"XO, Kitty: Season 2: Kissing Cousins","3/1/25"
"The Kissing Booth","3/1/25"
"The Great British Baking Show: Collection 10: Cake Week","2/27/25"
"The Great British Baking Show: Collection 11: Final","2/26/25"
"The Great British Baking Show: Collection 11: The Semi Final","2/26/25"
"The Great British Baking Show: Collection 11: Party Week","2/26/25"
"The Great British Baking Show: Collection 12: The Final","2/25/25"
"XO, Kitty: Season 2: Kiss and Tell","2/24/25"
"The Great British Baking Show: Collection 11: Botanical Week","2/22/25"
"The Great British Baking Show: Collection 11: Pastry Week","2/22/25"
"The Great British Baking Show: Collection 11: Chocolate Week","2/22/25"
"The Great British Baking Show: Collection 11: Bread Week","2/21/25"
"The Great British Baking Show: Collection 11: Biscuit Week","2/21/25"
"Ginny & Georgia: Season 2: I'm No Cinderella","2/21/25"
"Ginny & Georgia: Season 2: Kill Gil","2/20/25"
"Ginny & Georgia: Season 2: Hark! Darkness Descends!","2/20/25"
"Ginny & Georgia: Season 2: Let Us Serenade the Sh*t Out of You","2/20/25"
"Ginny & Georgia: Season 2: A Very Merry Ginny & Georgia Christmas Special","2/20/25"
"Ginny & Georgia: Season 2: Latkes Are Lit","2/20/25"
"Ginny & Georgia: Season 2: Happy My Birthday to You","2/20/25"
"Ginny & Georgia: Season 2: What Are You Playing at, Little Girl?","2/19/25"
"Ginny & Georgia: Season 2: Why Does Everything Have to Be So Terrible, All the Time, Forever?","2/19/25"
"Ginny & Georgia: Season 2: Welcome Back, Bitches!","2/18/25"
"Ginny & Georgia: Season 1: The Worst Betrayal Since Jordyn and Kylie","2/18/25"
"Ginny & Georgia: Season 1: Feelings Are Hard","2/18/25"
"Ginny & Georgia: Season 1: Check One, Check Other","2/18/25"
"Ginny & Georgia: Season 1: Happy Sweet Sixteen, Jerk","2/16/25"
"Ginny & Georgia: Season 1: I’m Triggered","2/16/25"
"Ginny & Georgia: Season 1: Boo, Bitch","2/15/25"
"Ginny & Georgia: Season 1: Lydia Bennet Is Hundo a Feminist","2/15/25"
"Ginny & Georgia: Season 1: Next Level Rich People Sh*t","2/15/25"
"Ginny & Georgia: Season 1: It's a Face Not a Mask","2/15/25"
"The Great British Baking Show: Collection 11: Cake Week","2/14/25"
"The Great British Baking Show: Collection 12: Patisserie Week","2/13/25"
"The Great British Baking Show: Collection 12: 1970s Week","2/12/25"
"The Great British Baking Show: Collection 12: Dessert Week","2/8/25"
"The Great British Baking Show: Collection 12: Autumn Week","2/8/25"
"The Great British Baking Show: Collection 12: Pastry Week","2/8/25"
"The Great British Baking Show: Collection 12: Caramel Week","2/8/25"
"The Great British Baking Show: Collection 12: Bread Week","2/8/25"
"The Great British Baking Show: Collection 12: Biscuit Week","2/8/25"
"Bloodhounds: Episode 8","2/7/25"
"Bloodhounds: Episode 7","2/7/25"
"Bloodhounds: Episode 6","2/7/25"
"Bloodhounds: Episode 5","2/7/25"
"Bloodhounds: Episode 4","2/7/25"
"Bloodhounds: Episode 3","2/7/25"
"Bloodhounds: Episode 2","2/6/25"
"Bloodhounds: Episode 1","2/6/25"
"The Great British Baking Show: Collection 12: Cake Week","2/1/25"
"Back in Action","2/1/25"
"Never Have I Ever: Season 4: ...said goodbye","2/1/25"
"The Menu","2/1/25"
"Never Have I Ever: Season 4: ...been to New Jersey","1/31/25"
"Never Have I Ever: Season 4: ...wrecked my future","1/30/25"
"Scream VI","1/29/25"
"Alice in Borderland: Season 2: Episode 8","1/27/25"
"Alice in Borderland: Season 2: Episode 7","1/27/25"
"Alice in Borderland: Season 2: Episode 6","1/27/25"
"Alice in Borderland: Season 2: Episode 5","1/27/25"
"Alice in Borderland: Season 2: Episode 4","1/27/25"
"Never Have I Ever: Season 4: ...liked a bad boy","1/26/25"
"Never Have I Ever: Season 4: ...gotten sweet revenge","1/26/25"
"Never Have I Ever: Season 4: ...lost my virginity","1/26/25"
"Alice in Borderland: Season 1: Episode 4","1/24/25"
"XO, Kitty: Season 2: New Year’s Kiss","1/24/25"
"XO, Kitty: Season 2: Never Been Kissed","1/24/25"
"XO, Kitty: Season 1: WTF","1/24/25"
"XO, Kitty: Season 1: XO","1/24/25"
"XO, Kitty: Season 2: K.I.S.S. Me Again","1/18/25"
"XO, Kitty: Season 1: BYOB","1/18/25"
"Alice in Borderland: Season 1: Episode 3","1/17/25"
"Alice in Borderland: Season 1: Episode 2","1/17/25"
"Alice in Borderland: Season 1: Episode 1","1/17/25"
"Dr.STONE: Season 3: First Dream","1/16/25"
"Dr.STONE: Season 3: Beyond The New World","1/15/25"
"Dr.STONE: Season 3: Treasure Island","1/15/25"
"Dr.STONE: Season 3: Last Man Standing","1/14/25"
"Dr.STONE: Season 3: Flash of Destruction","1/14/25"
"Dr.STONE: Season 3: Joker","1/14/25"
"Dr.STONE: Season 3: Island-Wide Battle Royale","1/14/25"
"Dr.STONE: Season 3: Decisive Three-Dimensional Battle","1/14/25"
"Dr.STONE: Season 3: Brain-Battle Puzzle Pieces","1/14/25"
"Dr.STONE: Season 3: Medusa's True Face","1/14/25"
"Dr.STONE: Season 3: The Kingdom of Science Strikes Back","1/13/25"
"Dr.STONE: Season 3: Miracle in Hand","1/13/25"
"Dr.STONE: Season 3: Science Wars","1/13/25"
"Dr.STONE: Season 3: Beauty Science","1/13/25"
"Dr.STONE: Season 3: Ace in the Hole on the Ship of Science","1/13/25"
"Dr.STONE: Season 3: Light of Hope and Despair","1/13/25"
"Dr.STONE: Season 3: Treasure Box","1/13/25"
"Dr.STONE: Season 3: Perseus, Ship of Science","1/13/25"
"Dr.STONE: Season 3: Dr. Stone Ryusui","1/13/25"
"Dr.STONE: Season 3: The Eye of Science","1/11/25"
"Dr.STONE: Season 3: First Contact","1/11/25"
"Dr.STONE: Season 3: Greed Equals Justice","1/11/25"
"Dr.STONE: Season 3: New World Map","1/11/25"
"Arcane: Season 2: Pretend Like It's the First Time","1/2/25"
"Squid Game: Season 2: Friend or Foe","12/31/24"
"Squid Game: Season 2: O ﻿ X","12/29/24"
"Squid Game: Season 2: One More Game","12/28/24"
"Squid Game: Season 2: Six Legs","12/28/24"
"Squid Game: Season 2: 001","12/27/24"
"Squid Game: Season 2: Halloween Party","12/27/24"
"Squid Game: Season 2: Bread and Lottery","12/27/24"
"Dynasty: Season 5: Catch 22","12/27/24"
"Dynasty: Season 5: More Power to Her","12/27/24"
"Dynasty: Season 5: First Kidnapping and Now Theft","12/27/24"
"Dynasty: Season 5: But a Drug Scandal?","12/20/24"
"Inventing Anna: Limited Series: Life of a VIP","12/20/24"
"Dynasty: Season 5: A Writer of Dubious Talent","12/14/24"
"Dynasty: Season 5: There's No One Around to Watch You Drown","12/14/24"
"Arcane: Season 2: The Dirt Under Your Nails","12/14/24"
"Arcane: Season 2: Killing Is a Cycle","12/14/24"
"Jujutsu Kaisen: Accomplices","12/9/24"
"Arcane: Season 2: The Message Hidden Within the Pattern","12/8/24"
"Arcane: Season 2: Blisters and Bedrock","12/8/24"
"Arcane: Season 2: Paint the Town Blue","12/7/24"
"Arcane: Season 2: Finally Got the Name Right","12/7/24"
"Arcane: Season 2: Watch It All Burn","12/6/24"
"Arcane: Season 2: Heavy Is the Crown","12/5/24"
"Dynasty: Season 5: My Family, My Blood","12/2/24"
"DAN DA DAN: That's How Love Starts, Ya Know!","12/1/24"
"Dynasty: Season 5: Ben","12/1/24"
"Dynasty: Season 5: Vicious Vendetta","12/1/24"
"Ouran High School Host Club: Starting Today, You Are a Host!","11/28/24"
"Our Little Secret","11/28/24"
"The Fast and the Furious: Tokyo Drift","11/27/24"
"Dynasty: Season 5: Do You Always Talk to Turtles","11/23/24"
"Dynasty: Season 5: There's No Need to Panic","11/23/24"
"Dynasty: Season 5: I'll Settle for a Prayer","11/23/24"
"Dynasty: Season 5: Mind Your Own Business","11/23/24"
"Dynasty: Season 5: A Friendly Kiss Between Friends","11/21/24"
"Dynasty: Season 5: The Only Thing That Counts Is Winning","11/21/24"
"A Christmas Prince","11/18/24"
"Holidate","11/17/24"
"The Christmas Chronicles","11/14/24"
"Arcane: Season 1: Some Mysteries Are Better Left Unsolved","11/9/24"
"The Princess Switch","11/5/24"
"Time Cut","11/1/24"
"Sing: Thriller","10/28/24"
"Wednesday: A Murder of Woes","10/28/24"
"Wednesday: If You Don't Woe Me by Now","10/28/24"
"Wednesday: Quid Pro Woe","10/28/24"
"Wednesday: You Reap What You Woe","10/27/24"
"Wednesday: Woe What a Night","10/27/24"
"Wednesday: Friend or Woe","10/27/24"
"Wednesday: Woe Is the Loneliest Number","10/27/24"
"Wednesday: Wednesday's Child Is Full of Woe","10/26/24"
"Miraculous: Tales of Ladybug & Cat Noir: Season 4: Episode 3","10/24/24"
"Miraculous: Tales of Ladybug & Cat Noir: Season 4: Episode 2","10/24/24"
"Miraculous: Tales of Ladybug & Cat Noir: Season 4: Episode 1","10/24/24"
"Halloween","10/14/24"
"XO, Kitty: Season 1: TBH","10/13/24"
"XO, Kitty: Season 1: TGIF","10/13/24"
"XO, Kitty: Season 1: KISS","10/13/24"
"Jaws","10/13/24"
"IT'S WHAT'S INSIDE","10/12/24"
"The Notebook","10/12/24"
"Sing","10/12/24"
"Scream","10/12/24"
"It Chapter Two","10/10/24"
"A Good Girl's Guide to Murder: Episode 6","9/29/24"
"A Good Girl's Guide to Murder: Episode 5","9/29/24"
"A Good Girl's Guide to Murder: Episode 4","9/29/24"
"A Good Girl's Guide to Murder: Episode 3","9/29/24"
"A Good Girl's Guide to Murder: Episode 2","9/29/24"
"A Good Girl's Guide to Murder: Episode 1","9/28/24"
"Victorious: Season 3: Opposite Date","9/27/24"
"Victorious: Season 3: Tori Goes Platinum: Part 2","9/27/24"
"Victorious: Season 3: Tori Goes Platinum: Part 1","9/27/24"
"Victorious: Season 3: The Hambone King","9/27/24"
"Victorious: Season 3: The Blonde Squad","9/27/24"
"Victorious: Season 3: Wanko's Warehouse","9/27/24"
"Victorious: Season 3: April Fools Blank","9/27/24"
"Victorious: Season 3: Crazy Ponnie","9/27/24"
"Victorious: Season 3: How Trina Got In","9/27/24"
"Arcane: Season 1: Welcome to the Playground","9/24/24"
"Bridgerton: Season 1: An Affair of Honor","9/22/24"
"Bridgerton: Season 1: Art of the Swoon","9/22/24"
"Bridgerton: Season 1: Shock and Delight","9/22/24"
"Bridgerton: Season 1: Diamond of the First Water","9/17/24"
"Rebel Ridge","9/14/24"
"The Perfect Couple: Happy Wedding Eve","9/6/24"
"Spider-Man: Across the Spider-Verse","9/2/24"
"The Deliverance","9/2/24"
"You Are So Not Invited to My Bat Mitzvah","8/31/24"
"Cyberpunk: Edgerunners: Smooth Criminal","8/31/24"
"BLUE EYE SAMURAI: Hammerscale","8/31/24"
"The Brothers Sun: Protect the Family","8/30/24"
"The Brothers Sun: Gymkata","8/29/24"
"Day Shift","8/29/24"
"The Edge of Seventeen","8/27/24"
"The Conjuring","8/26/24"
"The Conjuring: The Devil Made Me Do It","8/25/24"
"Anne Rice's Mayfair Witches: The Witching Hour","8/24/24"
"The Union","8/23/24"
"American Murder: Laci Peterson: Nothing Can Change the Truth","8/22/24"
"American Murder: Laci Peterson: I Wasn't a Mistress","8/22/24"
"American Murder: Laci Peterson: What Do You Mean, Missing?","8/22/24"
"Anna","8/22/24"
"Tarot","8/22/24"
"Crazy Rich Asians","8/17/24"
"Ever After High: Dragon Games: Escape the Forest","8/17/24"
"Ever After High: Dragon Games: Hatch the Dragons","8/17/24"
"Ever After High: Dragon Games: Shatter the Mirror","8/17/24"
"Ever After High: Welcome to Ever After High: Legacy Day","8/17/24"
"Arcane: Season 1: The Monster You Created","8/17/24"
"Arcane: Season 1: Oil and Water","8/17/24"
"Arcane: Season 1: The Boy Savior","8/17/24"
"From Me to You: Kimi ni Todoke: Day Off","8/16/24"
"From Me to You: Kimi ni Todoke: Rival","8/16/24"
"From Me to You: Kimi ni Todoke: Kurumi","8/12/24"
"From Me to You: Kimi ni Todoke: Love","8/12/24"
"From Me to You: Kimi ni Todoke: Romantic Feelings","8/12/24"
"From Me to You: Kimi ni Todoke: Special?","8/11/24"
"From Me to You: Kimi ni Todoke: Working Together","8/11/24"
"From Me to You: Kimi ni Todoke: New Friend","8/11/24"
"From Me to You: Kimi ni Todoke: Voluntary Training","8/11/24"
"From Me to You: Kimi ni Todoke: Saturday Night","8/8/24"
"From Me to You: Kimi ni Todoke: Friends","8/7/24"
"From Me to You: Kimi ni Todoke: Determination","8/7/24"
"Victorious: Season 3: Driving Tori Crazy","7/30/24"
"Victorious: Season 3: The Gorilla Club","7/30/24"
"Victorious: Season 3: Tori and Jade's Playdate","7/30/24"
"Victorious: Season 3: Car, Rain & Fire","7/30/24"
"Victorious: Season 3: Andre's Horrible Girl","7/30/24"
"Victorious: Season 3: The Worst Couple","7/28/24"
"Victorious: Season 3: The Breakfast Bunch","7/28/24"
"Victorious: Season 3: A Christmas Tori","7/28/24"
"From Me to You: Kimi ni Todoke: Rumors","7/27/24"
"From Me to You: Kimi ni Todoke: After School","7/27/24"
"From Me to You: Kimi ni Todoke: Seating Change","7/27/24"
"From Me to You: Kimi ni Todoke: Prologue","7/27/24"
"Jujutsu Kaisen: The Origin Of Blind Obedience - 2 -","7/26/24"
"Jujutsu Kaisen: Ryomen Sukuna","7/26/24"
"Mary and The Witch's Flower","7/25/24"
"Suzume","7/25/24"
"Dynasty: Season 5: A Real Actress Could Do It","7/23/24"
"Ghostbusters: Frozen Empire","7/23/24"
"The Nun","7/23/24"
"La La Land","7/21/24"
"Golden Kamuy","7/12/24"
"Dynasty: Season 5: Devoting All of Her Energy to Hate","7/3/24"
"Dynasty: Season 5: A Little Fun Wouldn't Hurt","7/3/24"
"Dynasty: Season 5: How Did That Board Meeting Go","7/1/24"
"Dynasty: Season 5: That Holiday Spirit","7/1/24"
"Dynasty: Season 5: Let's Start Over Again","7/1/24"
"Dynasty: Season 4: Filled With Manipulations and Deceptions","6/30/24"
"Dynasty: Season 4: Affairs of State and Affairs of the Heart","6/30/24"
"XO, Kitty: Season 1: OTP","6/30/24"
"XO, Kitty: Season 1: SNAFU","6/29/24"
"XO, Kitty: Season 1: LFG","6/29/24"
"XO, Kitty: Season 1: TIL","6/29/24"
"Hit Man","6/18/24"
"The Legend of Korra: Book Four: Balance: The Last Stand","6/18/24"
"The Legend of Korra: Book Four: Balance: Day of the Colossus","6/18/24"
"Never Have I Ever: Season 1: ... had sex with Paxton Hall-Yoshida","6/17/24"
"Never Have I Ever: Season 1: Pilot","6/17/24"
"Under Paris","6/16/24"
"The Legend of Korra: Book Four: Balance: Kuvira's Gambit","6/16/24"
"The Legend of Korra: Book Four: Balance: Operation: Beifong","6/16/24"
"The Legend of Korra: Book Four: Balance: Beyond the Wilds","6/16/24"
"The Legend of Korra: Book Four: Balance: Remembrances","6/16/24"
"The Legend of Korra: Book Four: Balance: Reunion","6/15/24"
"The Legend of Korra: Book Four: Balance: The Battle of Zaofu","6/15/24"
"The Legend of Korra: Book Four: Balance: Enemy at the Gates","6/15/24"
"The Legend of Korra: Book Four: Balance: The Calling","6/15/24"
"The Legend of Korra: Book Four: Balance: The Coronation","6/15/24"
"The Legend of Korra: Book Four: Balance: Korra Alone","6/15/24"
"The Legend of Korra: Book Four: Balance: After All These Years","6/15/24"
"The Legend of Korra: Book Three: Change: Venom of the Red Lotus","6/15/24"
"The Legend of Korra: Book Three: Change: Enter the Void","6/15/24"
"The Legend of Korra: Book Three: Change: The Ultimatum","6/15/24"
"The Legend of Korra: Book Three: Change: Long Live the Queen","6/14/24"
"The Legend of Korra: Book Three: Change: The Stakeout","6/14/24"
"The Legend of Korra: Book Three: Change: The Terror Within","6/14/24"
"The Legend of Korra: Book Three: Change: Original Airbenders","6/14/24"
"The Legend of Korra: Book Three: Change: Old Wounds","6/14/24"
"The Legend of Korra: Book Three: Change: The Metal Clan","6/14/24"
"The Legend of Korra: Book Three: Change: In Harm's Way","6/13/24"
"The Legend of Korra: Book Three: Change: The Earth Queen","6/13/24"
"The Legend of Korra: Book Three: Change: Rebirth","6/13/24"
"The Legend of Korra: Book Three: Change: A Breath of Fresh Air","6/13/24"
"The Legend of Korra: Book Two: Spirits: Light in the Dark","6/13/24"
"The Legend of Korra: Book Two: Spirits: Darkness Falls","6/13/24"
"The Legend of Korra: Book Two: Spirits: Harmonic Convergence","6/13/24"
"The Legend of Korra: Book Two: Spirits: Night of a Thousand Stars","6/13/24"
"The Legend of Korra: Book Two: Spirits: A New Spiritual Age","6/13/24"
"The Legend of Korra: Book Two: Spirits: The Guide","6/13/24"
"The Legend of Korra: Book Two: Spirits: Beginnings: Part 2","6/13/24"
"The Legend of Korra: Book Two: Spirits: Beginnings: Part 1","6/13/24"
"The Legend of Korra: Book Two: Spirits: The Sting","6/13/24"
"The Legend of Korra: Book Two: Spirits: Peacekeepers","6/13/24"
"The Legend of Korra: Book Two: Spirits: Civil Wars: Part 2","6/13/24"
"The Legend of Korra: Book Two: Spirits: Civil Wars: Part 1","6/13/24"
"The Legend of Korra: Book Two: Spirits: The Southern Lights","6/13/24"
"The Legend of Korra: Book Two: Spirits: Rebel Spirit","6/12/24"
"The Legend of Korra: Book One: Air: Endgame","6/12/24"
"The Legend of Korra: Book One: Air: Skeletons in the Closet","6/11/24"
"The Legend of Korra: Book One: Air: Turning the Tides","6/11/24"
"The Legend of Korra: Book One: Air: Out of the Past","6/11/24"
"The Legend of Korra: Book One: Air: When Extremes Meet","6/10/24"
"The Legend of Korra: Book One: Air: The Aftermath","6/10/24"
"The Legend of Korra: Book One: Air: And the Winner Is…","6/10/24"
"The Legend of Korra: Book One: Air: The Spirit of Competition","6/10/24"
"The Legend of Korra: Book One: Air: The Voice in the Night","6/10/24"
"The Legend of Korra: Book One: Air: The Revelation","6/10/24"
"The Conjuring 2","6/10/24"
"Demon Slayer: Kimetsu no Yaiba: Swordsmith Village Arc: A Connected Bond: Daybreak and First Light","6/9/24"
"Demon Slayer: Kimetsu no Yaiba: Swordsmith Village Arc: Love Hashira Mitsuri Kanroji","6/9/24"
"Demon Slayer: Kimetsu no Yaiba: Swordsmith Village Arc: Mist Hashira Muichiro Tokito","6/9/24"
"The Legend of Korra: Book One: Air: A Leaf in the Wind","6/7/24"
"The Legend of Korra: Book One: Air: Welcome to Republic City","6/7/24"
"Dynasty: Season 4: You Vicious, Miserable Liar","6/6/24"
"The Brothers Sun: Pilot","6/6/24"
"The Brothers Sun: Country Boy","6/5/24"
"The Brothers Sun: The Rolodex","6/5/24"
"The Brothers Sun: Square","6/5/24"
"Raising Voices: Limited Series: Pilot","6/5/24"
"Godzilla Minus One","6/5/24"
"Dynasty: Season 4: Everything Looks Wonderful, Joseph","6/2/24"
"Dynasty: Season 4: A Good Marriage in Every Sense","6/1/24"
"Dynasty: Season 4: Stars Make You Smile","6/1/24"
"Dynasty: Season 4: The British Are Coming","6/1/24"
"Dynasty: Season 4: She Lives in a Showplace Penthouse","6/1/24"
"Dynasty: Season 4: But I Don't Need Therapy","6/1/24"
"Dynasty: Season 4: Go Rescue Someone Else","6/1/24"
"Bullet Train","5/30/24"
"The Brothers Sun: Whatever You Want","5/30/24"
"Dynasty: Season 4: Everything but Facing Reality","5/26/24"
"Dynasty: Season 4: A Public Forum for Her Lies","5/25/24"
"Dynasty: Season 4: I Hate to Spoil Your Memories","5/25/24"
"Dynasty: Season 4: Equal Justice for the Rich","5/25/24"
"Dynasty: Season 4: Your Sick and Self-Serving Vendetta","5/24/24"
"Mother of the Bride","5/24/24"
"Dynasty: Season 4: The Birthday Party","5/24/24"
"Dynasty: Season 4: A Little Father-Daughter Chat","5/24/24"
"Dynasty: Season 4: New Hopes, New Beginnings","5/24/24"
"Dynasty: Season 4: Everybody Loves the Carringtons","5/24/24"
"Dynasty: Season 4: The Aftermath","5/24/24"
"Dynasty: Season 4: Vows Are Still Sacred","5/23/24"
"Dynasty: Season 4: That Unfortunate Dinner","5/23/24"
"Dynasty: Season 3: My Hangover's Arrived","5/22/24"
"Dynasty: Season 3: Robin Hood Rescues","5/21/24"
"Dynasty: Season 3: You Make Being a Priest Sound Like Something Bad","5/21/24"
"Dr.STONE: Season 2: Episode 11","5/21/24"
"Dynasty: Season 3: She Cancelled …","5/20/24"
"Dynasty: Season 3: Is the Next Surgery on the House?","5/20/24"
"Dynasty: Season 3: Up a Tree","5/20/24"
"Dynasty: Season 3: That Wicked Stepmother","5/20/24"
"Dynasty: Season 3: You See Most Things in Terms of Black and White","5/20/24"
"The Babysitter: Killer Queen","5/20/24"
"Dynasty: Season 3: Battle Lines","5/19/24"
"Dynasty: Season 3: A Wound That May Never Heal","5/19/24"
"Dynasty: Season 3: What Sorrows Are You Drowning?","5/19/24"
"Dynasty: Season 3: The Caviar, I Trust, Is Not Burned","5/19/24"
"Dynasty: Season 3: The Sensational Blake Carrington Trial","5/18/24"
"Dynasty: Season 3: Shoot from the Hip","5/18/24"
"Dynasty: Season 3: A Used Up Memory","5/18/24"
"Dynasty: Season 3: Mother? I'm at La Mirage","5/18/24"
"Dynasty: Season 3: Something Desperate","5/18/24"
"Dynasty: Season 3: Wild Ghost Chase","5/16/24"
"Dynasty: Season 3: Caution Never Won a War","5/16/24"
"Dynasty: Season 3: Guilt Trip to Alaska","5/16/24"
"Dynasty: Season 2: Deception, Jealousy and Lies","5/16/24"
"Dr.STONE: Season 2: Episode 10","5/16/24"
"Dynasty: Season 2: Thicker Than Money","5/16/24"
"Dr.STONE: Season 2: Episode 9","5/15/24"
"Dr.STONE: Season 2: Episode 8","5/15/24"
"Dr.STONE: Season 2: Episode 7","5/15/24"
"Dr.STONE: Season 2: Episode 6","5/15/24"
"Dr.STONE: Season 2: Episode 5","5/15/24"
"Dr.STONE: Season 2: Episode 4","5/15/24"
"Dr.STONE: Season 2: Episode 3","5/15/24"
"Dr.STONE: Season 2: Episode 2","5/15/24"
"Dr.STONE: Season 2: Episode 1","5/15/24"
"Dynasty: Season 2: New Lady in Town","5/14/24"
"Dynasty: Season 2: This Illness of Mine","5/14/24"
"Dynasty: Season 2: Life Is a Masquerade Party","5/14/24"
"Dynasty: Season 2: How Two-Faced Can You Get?","5/14/24"
"Dynasty: Season 2: Miserably Ungrateful Men","5/13/24"
"Dynasty: Season 2: Motherly Overprotectiveness","5/13/24"
"Dynasty: Season 2: Parisian Legend Has It…","5/12/24"
"Dynasty: Season 2: Even Worms Can Procreate","5/12/24"
"Dynasty: Season 2: Filthy Games","5/11/24"
"Dynasty: Season 2: The Sight of You","5/10/24"
"Dynasty: Season 2: A Champagne Mood","5/10/24"
"Dynasty: Season 2: Crazy Lady","5/10/24"
"Dynasty: Season 2: A Real Instinct for the Jugular","5/10/24"
"Dynasty: Season 2: A Temporary Infestation","5/9/24"
"Dynasty: Season 2: That Witch","5/9/24"
"Dynasty: Season 2: Queen of Cups","5/9/24"
"Dynasty: Season 2: The Butler Did It","5/9/24"
"Dynasty: Season 2: Ship of Vipers","5/9/24"
"Dynasty: Season 2: Twenty-Three Skidoo","5/8/24"
"Dynasty: Season 1: Dead Scratch","5/8/24"
"Dynasty: Season 1: Trashy Little Tramp","5/8/24"
"Dynasty: Season 1: A Line from the Past","5/8/24"
"Dynasty: Season 1: Use or Be Used","5/7/24"
"Dynasty: Season 1: Don’t Con a Con Artist","5/7/24"
"Dr.STONE: Season 1: Episode 24","5/7/24"
"Dr.STONE: Season 1: Episode 23","5/7/24"
"Dr.STONE: Season 1: Episode 22","5/7/24"
"Dr.STONE: Season 1: Episode 21","5/6/24"
"Dr.STONE: Season 1: Episode 20","5/6/24"
"Dr.STONE: Season 1: Episode 19","5/6/24"
"Dr.STONE: Season 1: Episode 18","5/6/24"
"Dr.STONE: Season 1: Episode 17","5/6/24"
"Dr.STONE: Season 1: Episode 16","5/5/24"
"Dr.STONE: Season 1: Episode 15","5/5/24"
"Dr.STONE: Season 1: Episode 14","5/5/24"
"Dr.STONE: Season 1: Episode 13","5/5/24"
"Dr.STONE: Season 1: Episode 12","5/5/24"
"Dr.STONE: Season 1: Episode 11","5/5/24"
"Dr.STONE: Season 1: Episode 10","5/5/24"
"Dr.STONE: Season 1: Episode 9","5/4/24"
"Dr.STONE: Season 1: Episode 8","5/4/24"
"Dr.STONE: Season 1: Episode 7","5/4/24"
"Dr.STONE: Season 1: Episode 6","5/4/24"
"Dr.STONE: Season 1: Episode 5","5/4/24"
"Dr.STONE: Season 1: Episode 4","5/4/24"
"Dr.STONE: Season 1: Episode 3","5/4/24"
"Dynasty: Season 1: Enter Alexis","5/4/24"
"Dynasty: Season 1: Poor Little Rich Girl","5/4/24"
"Dr.STONE: Season 1: Episode 2","5/3/24"
"Dr.STONE: Season 1: Episode 1","5/3/24"
"Dynasty: Season 1: Our Turn Now","5/3/24"
"Dynasty: Season 1: The Gospel According to Blake Carrington","5/3/24"
"Dynasty: Season 1: Nothing But Trouble","5/2/24"
"Dynasty: Season 1: Promises You Can’t Keep","5/2/24"
"Dynasty: Season 1: I Answer to No Man","5/1/24"
"Dynasty: Season 1: A Well Dressed Tarantula","5/1/24"
"Dynasty: Season 1: Rotten Things","5/1/24"
"Dynasty: Season 1: The Best Things in Life","5/1/24"
"Dynasty: Season 1: A Taste of Your Own Medicine","5/1/24"
"Dynasty: Season 1: I Only Exist for Me","5/1/24"
"Dynasty: Season 1: Company Slut","4/30/24"
"Dynasty: Season 1: Private as a Circus","4/30/24"
"Dynasty: Season 1: Guilt Is for Insecure People","4/30/24"
"Dynasty: Season 1: Spit It Out","4/30/24"
"Dynasty: Season 1: I Hardly Recognized You","4/30/24"
"Love, Death & Robots: Volume 1: GOOD HUNTING","4/29/24"
"Love, Death & Robots: Volume 3: Jibaro","4/29/24"
"Love, Death & Robots: Volume 3: Kill Team Kill","4/29/24"
"The Brothers Sun: Favor for a Favor","4/25/24"
"Love, Death & Robots: Volume 3: Night of the Mini Dead","4/25/24"
"Love, Death & Robots: Volume 3: The Very Pulse of the Machine","4/25/24"
"Love, Death & Robots: Volume 3: Bad Travelling","4/25/24"
"Love, Death & Robots: Volume 3: Three Robots: Exit Strategies","4/25/24"
"Black Clover: To the Royal Capital of the Clover Kingdom!","4/25/24"
"Black Clover: The Boys' Promise","4/25/24"
"Black Clover: Asta and Yuno","4/24/24"
"Sweet Home: Season 1: Episode 3","4/22/24"
"Sweet Home: Season 1: Episode 2","4/22/24"
"Sweet Home: Season 1: Episode 1","4/21/24"
"Zom 100: Bucket List of the Dead","4/19/24"
"The Bricklayer","4/19/24"
"The Queen's Gambit: Limited Series: End Game","4/18/24"
"The Queen's Gambit: Limited Series: Adjournment","4/18/24"
"The Queen's Gambit: Limited Series: Fork","4/18/24"
"The Queen's Gambit: Limited Series: Middle Game","4/18/24"
"The Queen's Gambit: Limited Series: Doubled Pawns","4/18/24"
"Creating The Queen's Gambit","4/17/24"
"The Queen's Gambit: Limited Series: Exchanges","4/15/24"
"The Queen's Gambit: Limited Series: Openings","4/14/24"
"The Hunger Games: Mockingjay - Part 2","4/13/24"
"The Hunger Games: Mockingjay - Part 1","4/13/24"
"Home Team","4/13/24"
"Countdown","4/12/24"
"Space Jam: A New Legacy","4/12/24"
"Haikyu!! Movie 4: Battle of Concepts","4/12/24"
"Happy Gilmore","4/12/24"
"Squid Game: Season 1: Red Light, Green Light","4/12/24"
"Outer Banks: Season 1: The Lucky Compass","4/12/24"
"The Hunger Games: Catching Fire","4/12/24"
"The Hunger Games","4/11/24"
"Parasyte: The Grey: Limited Series: Episode 6","4/9/24"
"Parasyte: The Grey: Limited Series: Episode 5","4/9/24"
"Parasyte: The Grey: Limited Series: Episode 4","4/9/24"
"Parasyte: The Grey: Limited Series: Episode 3","4/9/24"
"Parasyte: The Grey: Limited Series: Episode 2","4/8/24"
"Parasyte: The Grey: Limited Series: Episode 1","4/7/24"
"The Meg","4/4/24"
"Arcane: Season 1: When These Walls Come Tumbling Down","4/4/24"
"Arcane: Season 1: Everybody Wants to Be My Enemy","4/3/24"
"Arcane: Season 1: Happy Progress Day!","3/31/24"
"Arcane: Season 1: The Base Violence Necessary for Change","3/31/24"
"Fate: The Winx Saga: Season 2: All the Wild Witches","3/30/24"
"Fate: The Winx Saga: Season 2: Poor Unfortunate Souls","3/30/24"
"Fate: The Winx Saga: Season 2: Are You a Good Witch or a Bad Witch?","3/30/24"
"Fate: The Winx Saga: Season 2: An Hour Before the Devil Fell","3/27/24"
"Fate: The Winx Saga: Season 2: Your Newfound Popularity","3/27/24"
"Fate: The Winx Saga: Season 2: Taken By The Wind","3/26/24"
"Fate: The Winx Saga: Season 2: Low-Flying Panic Attack","3/25/24"
"Fate: The Winx Saga: Season 1: A Fanatic Heart","3/25/24"
"Fate: The Winx Saga: Season 1: Wither Into the Truth","3/25/24"
"Fate: The Winx Saga: Season 1: Some Wrecked Angel","3/24/24"
"Fate: The Winx Saga: Season 1: Heavy Mortal Hopes","3/24/24"
"Fate: The Winx Saga: Season 1: No Strangers Here","3/24/24"
"Fate: The Winx Saga: Season 1: To the Waters and the Wild","3/23/24"
"Outer Banks: Season 1: Pilot","3/18/24"
"Black Adam","3/18/24"
"Physical: 100: Season 1: The Pecking Order","3/18/24"
"The School for Good and Evil","3/14/24"
"Suicide Squad","3/14/24"
"Ballerina","3/10/24"
"Dream","3/10/24"
"Ruby Gillman, Teenage Kraken","3/10/24"
"Damsel","3/10/24"
"Doctor Slump: Limited Series: Episode 2","3/6/24"
"Doctor Slump: Limited Series: Episode 1","3/6/24"
"Avatar: The Last Airbender: Book 3: Sozin's Comet","3/4/24"
"Avatar: The Last Airbender: Book 3: The Ember Island Players","3/4/24"
"Avatar: The Last Airbender: Book 3: The Southern Raiders","3/2/24"
"Avatar: The Last Airbender: Book 3: The Boiling Rock","3/2/24"
"Avatar: The Last Airbender: Book 3: The Firebending Masters","3/2/24"
"Avatar: The Last Airbender: Book 3: The Western Air Temple","3/2/24"
"Avatar: The Last Airbender: Book 3: Day of the Black Sun","3/2/24"
"Avatar: The Last Airbender: Book 3: Nightmares and Daydreams","3/2/24"
"Avatar: The Last Airbender: Book 3: The Puppetmaster","3/2/24"
"Avatar: The Last Airbender: Book 3: The Avatar and the Firelord","3/2/24"
"Avatar: The Last Airbender: Book 3: The Beach","3/2/24"
"Avatar: The Last Airbender: Book 1: The Boy in the Iceberg","3/2/24"
"Avatar The Last Airbender: Legends","3/1/24"
"Avatar The Last Airbender: The North","2/28/24"
"Avatar The Last Airbender: Masks","2/28/24"
"Avatar The Last Airbender: Spirited Away","2/28/24"
"Avatar The Last Airbender: Into the Dark","2/27/24"
"Avatar The Last Airbender: Omashu","2/27/24"
"Avatar The Last Airbender: Warriors","2/27/24"
"Avatar The Last Airbender: Aang","2/27/24"
"Gyeongseong Creature: Season 1: Najin","2/26/24"
"Everything Everywhere All at Once","2/23/24"
"Gran Turismo: Based on a True Story","2/20/24"
